Type,PlayerID,PlayerID_Override,Order,Rosterable,DOB,Range$,Target,Team,Pos,Prj$,Player,Drafted,GXLRnk,YahRnk,ESPNRnk,TierID,GXL$,Yah$,YAAP$,Yah Δ,ESPN$,Actual$,Manager,Paid$,Delta$,Surplus,Budget%,Prj PPG,Yah PPS,FG PPS,AVG PPS,Replacement,VOR,FMV,FMV Δ,GamesPlayed,EOS_Total,EOS_Avg,EOS_Avg Δ,EOS_Surplus,Year,Age,Bye,Notes
Player,00-0039139,,1,Yes,37335,$50+,Yes,DET,RB,62,Jahmyr Gibbs,,1,1,1,R01,70,62,73.5,11.5,57,,,,,,,20.08823529,341.5,344.66,343.08,157.84,183.66,78.543191,-16.543191,16,345.6,21.6,,,4,24,6,
Player,00-0038542,,2,Yes,37286,$50+,Yes,ATL,RB,61,Bijan Robinson,,2,2,2,R02,70,61,71.6,10.6,56,,,,,,,20.17058824,342.9,338.11,340.505,157.84,185.06,79.13428578,-18.13428578,16,360.5,22.53125,,,4,24,11,
Player,00-0036900,,3,Yes,36586,$50+,,CIN,WR,60,Ja'Marr Chase,,3,3,3,W01,65,60,64.5,4.5,56,,,,,,,19.47058824,331,336.28,333.64,169.95,161.05,68.99701029,-8.997010293,15,289,19.26666667,,,6,26,6,
Player,00-0033280,,4,Yes,35223,$50+,,SF,RB,57,Christian McCaffrey,,4,6,6,R03,60,57,59.8,2.8,53,,,,,,,18.35117647,311.97,326.74,319.355,157.84,154.13,66.07531323,-9.075313235,16,404.9,25.30625,,,10,30,8,
Player,00-0039075,,5,Yes,37040,$50+,,LA,WR,59,Puka Nacua,,5,4,4,W02,60,59,61.3,2.3,55,,,,,,,18.47705882,314.11,315.88,314.995,169.95,144.16,61.86587398,-2.865873976,15,348,23.2,,,4,25,11,
Player,00-0038543,,6,Yes,37301,$50+,No,SEA,WR,55,Jaxon Smith-Njigba,,6,8,5,W03,58,55,58.6,3.6,54,,,,,,,18.5,314.5,286.86,300.68,169.95,144.55,62.03053609,-7.030536093,16,344.5,21.53125,,,4,24,11,
Player,00-0036223,,7,Yes,36179,$50+,,IND,RB,58,Jonathan Taylor,,7,5,7,R04,58,58,59.1,1.1,52,,,,,,,17.05941176,290.01,282.45,286.23,157.84,132.17,56.80356939,1.196430609,16,355.4,22.2125,,,7,27,13,
Player,00-0036963,,8,Yes,36457,$50+,No,DET,WR,56,Amon-Ra St. Brown,,8,7,8,W04,57,56,56.5,0.5,52,,,,,,,18.19058824,309.24,288.64,298.94,169.95,139.29,59.80970856,-3.809708561,16,299.1,18.69375,,,6,26,6,
Player,00-0037248,,9,Yes,36428,$50+,,BUF,RB,52,James Cook,,9,9,12,R05,54,52,54.1,2.1,46,,,,,,,15.34470588,260.86,263.05,261.955,157.84,103.02,44.49613164,7.503868362,16,297.7,18.60625,,,5,26,7,
Player,00-0036358,,10,Yes,36258,$40s,No,DAL,WR,48,CeeDee Lamb,,10,11,9,W05,53,48,50.8,2.8,51,,,,,,,15.95823529,271.29,264.45,267.87,169.95,101.34,43.7868179,4.213182098,12,199.5,16.625,,,7,27,14,
Player,00-0036322,,11,Yes,36327,$40s,No,MIN,WR,44,Justin Jefferson,,11,13,10,W06,50,44,47.1,3.1,50,,,,,,,16.25235294,276.29,253.38,264.835,169.95,106.34,45.89787069,-1.897870689,16,183.1,11.44375,,,7,27,6,
Player,00-0038597,,12,Yes,36606,$40s,Yes,CIN,RB,43,Chase Brown,,12,14,19,R06,45,43,46,3,36,,,,,,,15.35235294,260.99,262.41,261.7,157.84,103.15,44.55101901,-1.551019011,16,263.6,16.475,,,4,26,6,
Player,00-0038134,,13,Yes,36819,$40s,Yes,KC,RB,46,Kenneth Walker III,,13,12,18,R07,45,46,43.6,-2.4,37,,,,,,,14.24294118,242.13,252.56,247.345,157.84,84.29,36.5881279,9.411872104,16,174.6,10.9125,,,5,25,5,
Player,00-0034844,,14,Yes,35470,$50+,Yes,PHI,RB,50,Saquon Barkley,,14,10,15,R08,45,50,48.7,-1.3,42,,,,,,,14.08176471,239.39,254.44,246.915,157.84,81.55,35.43127097,14.56872903,16,231.3,14.45625,,,9,29,10,
Player,00-0040122,,15,Yes,37957,$30s,Yes,LV,RB,35,Ashton Jeanty,,15,21,17,R09,45,35,43.9,8.9,38,,,,,,,13.01176471,221.2,236.75,228.975,157.84,63.36,27.75126093,7.248739074,16,231.7,14.48125,,,2,22,13,
Player,00-0039040,,16,Yes,37177,$40s,Yes,MIA,RB,42,De'Von Achane,,16,15,11,R10,44,42,43.8,1.8,48,,,,,,,16.51176471,280.7,258.1,269.4,157.84,122.86,52.8727891,-10.8727891,16,322.8,20.175,,,4,24,6,
Player,00-0040666,,17,Yes,37696,$40s,Yes,LAC,RB,42,Omarion Hampton,,17,16,22,R11,44,42,43.8,1.8,33,,,,,,,13.69823529,232.87,246,239.435,157.84,75.03,32.67845813,9.321541867,9,136.7,15.18888889,,,2,23,7,
Player,00-0037238,,18,Yes,37096,$30s,,ATL,WR,36,Drake London,,18,20,14,W07,40,36,37.9,1.9,43,,,,,,,15.75470588,267.83,257.53,262.68,169.95,97.88,42.32596937,-6.325969373,11,183.1,16.64545455,,,5,25,11,
Player,00-0032764,,19,Yes,34338,$40s,,BAL,RB,41,Derrick Henry,,19,17,16,R12,40,41,40.1,-0.9,40,,,,,,,14.13647059,240.32,243.54,241.93,157.84,82.48,35.82392679,5.176073214,16,263.9,16.49375,,,11,32,13,
Player,00-0035676,,20,Yes,35611,$30s,Yes,NE,WR,33,A.J. Brown,,20,23,26,W08,40,33,31.5,-1.5,30,,,,,,,14.15941176,240.71,259.88,250.295,169.95,70.76,30.87561905,2.124380948,15,220.3,14.68666667,,,8,29,11,
Player,00-0039338,,21,Yes,37603,$30s,Yes,LV,TE,37,Brock Bowers,,21,19,21,T01,35,37,35.7,-1.3,34,,,,,,,13.36588235,227.22,268.72,247.97,154.12,73.1,31.86359176,5.136408243,12,176.2,14.68333333,,,3,23,13,
Player,00-0036554,,22,Yes,36238,$30s,,HOU,WR,38,Nico Collins,,22,18,25,W09,35,38,35,-3,31,,,,,,,15.01882353,255.32,244.73,250.025,169.95,85.37,37.0441153,0.955884702,15,225.2,15.01333333,,,6,27,8,
Player,00-0037247,,23,Yes,36954,$30s,,DAL,WR,34,George Pickens,,23,22,31,W10,35,34,31.7,-2.3,26,,,,,,,14.89941176,253.29,246.08,249.685,169.95,83.34,36.18702787,-2.187027866,16,290,18.125,,,5,25,14,
Player,00-0037744,,24,Yes,36486,$20s,,ARI,TE,26,Trey McBride,,24,31,20,T02,30,26,29,3,35,,,,,,,14.06470588,239.1,234.92,237.01,154.12,84.98,36.87945318,-10.87945318,16,302.4,18.9,,,5,26,,
Player,00-0034857,,25,Yes,35206,$20s,Yes,BUF,QB,25,Josh Allen,,25,32,36,Q01,30,25,30.1,5.1,22,,,,,,,21.41235294,364.01,402.19,383.1,301.93,62.08,27.21083141,-2.210831412,16,401.62,25.10125,,,9,30,7,
Player,00-0036912,,26,Yes,36113,$30s,Yes,PHI,WR,30,DeVonta Smith,,26,26,35,W11,30,30,25.1,-4.9,22,,,,,,,13.67294118,232.44,236.9,234.67,169.95,62.49,27.38393774,2.616062259,16,193.6,12.1,,,6,27,10,
Player,00-0041027,,27,Yes,38503,$20s,No,ARI,RB,28,Jeremiyah Love,,27,28,13,R13,30,28,27.8,-0.2,45,,,,,,,14.14823529,240.52,203.89,222.205,157.84,82.68,35.9083689,-7.908368898,0,0,0,,,0,21,,
Player,00-0037239,,28,Yes,36704,$30s,,NO,WR,31,Chris Olave,,28,25,27,W12,30,31,24.4,-6.6,30,,,,,,,13.91705882,236.59,227.84,232.215,169.95,66.64,29.13611155,1.863888445,16,267,16.6875,,,5,26,8,
Player,00-0039337,,29,Yes,37830,$30s,,NYG,WR,32,Malik Nabers,,29,24,28,W13,30,32,26.9,-5.1,29,,,,,,,12.87823529,218.93,223.68,221.305,169.95,48.98,21.67987311,10.32012689,4,57.1,14.275,,,3,23,8,
Player,00-0039064,,30,Yes,36780,$20s,Yes,BAL,WR,24,Zay Flowers,,30,33,33,W14,25,24,18.8,-5.2,24,,,,,,,15.07117647,256.21,223.56,239.885,169.95,86.26,37.41988269,-13.41988269,16,210.5,13.15625,,,4,25,13,
Player,00-0037840,,31,Yes,36764,$20s,,LA,RB,29,Kyren Williams,,31,27,37,R14,25,29,26.8,-2.2,22,,,,,,,12.86529412,218.71,233.13,225.92,157.84,60.87,26.69995664,2.300043362,16,250.4666667,15.65416667,,,5,26,11,
Player,00-0036997,,32,Yes,36641,$20s,,DAL,RB,23,Javonte Williams,,32,34,30,R15,25,23,23.6,0.6,27,,,,,,,13.13235294,223.25,220.76,222.005,157.84,65.41,28.61679257,-5.616792569,16,240.8,15.05,,,6,26,14,
Player,00-0039067,,33,Yes,36638,$20s,,KC,WR,20,Rashee Rice,,33,36,24,W15,25,20,22.3,2.3,32,,,,,,,13.97058824,237.5,222.14,229.82,169.95,67.55,29.52032316,-9.520323162,8,150.1,18.7625,,,4,26,5,
Player,00-0036410,,34,Yes,36178,$20s,,CIN,WR,27,Tee Higgins,,34,29,46,W16,25,27,21,-6,15,,,,,,,13.05647059,221.96,221.2,221.58,169.95,52.01,22.9591711,4.040828902,14,192.9,13.77857143,,,7,27,6,
Player,00-0038120,,35,Yes,37042,$20s,No,NYJ,RB,26,Breece Hall,,35,30,23,R16,22,26,22.1,-3.9,32,,,,,,,13.62882353,231.69,232.18,231.935,157.84,73.85,32.18024967,-6.180249675,16,207.66,12.97875,,,5,25,13,
Player,00-0036613,,36,Yes,36124,$20s,Yes,DEN,WR,21,Jaylen Waddle,,36,35,47,W17,20,21,16.2,-4.8,15,,,,,,,12.87647059,218.9,217.38,218.14,169.95,48.95,21.66720679,-0.667206792,16,194.12,12.1325,,,6,27,10,
Player,00-0040124,,37,Yes,37716,$11-$19,Yes,CAR,WR,18,Tetairoa McMillan,,37,39,34,W18,20,18,16.6,-1.4,23,,,,,,,12.89411765,219.2,213.62,216.41,169.95,49.25,21.79386996,-3.793869959,16,200.9,12.55625,,,2,23,5,
Player,00-0039915,,38,Yes,37206,$11-$19,Yes,LAC,WR,17,Ladd McConkey,,38,40,44,W19,20,17,14.9,-2.1,17,,,,,,,11.89941176,202.29,230.27,216.28,169.95,32.34,14.65428943,2.345710569,16,181.6666667,11.35416667,,,3,24,7,
Player,00-0040715,,39,Yes,37292,$11-$19,,NYG,RB,16,Cam Skattebo,,39,46,39,R17,20,16,16.7,0.7,21,,,,,,,12.38,210.46,196.51,203.485,157.84,52.62,23.21671954,-7.216719538,8,126.7,15.8375,,,2,24,8,
Player,00-0040735,,40,Yes,37967,$11-$19,Yes,CHI,WR,17,Luther Burden III,,40,44,53,W20,20,17,10.4,-6.6,11,,,,,,,12.43941176,211.47,213.89,212.68,169.95,41.52,18.53018235,-1.530182349,14,127.8333333,9.130952381,,,2,22,10,
Player,00-0037740,,41,Yes,36729,$11-$19,Yes,NYJ,WR,19,Garrett Wilson,,41,38,29,W21,20,19,13.8,-5.2,28,,,,,,,11.93647059,202.92,221.77,212.345,169.95,32.97,14.92028208,4.079717918,7,99.5,14.21428571,,,5,26,13,
Player,00-0040126,,42,Yes,38086,$20s,Yes,CHI,TE,20,Colston Loveland,,42,37,49,T03,20,20,18.2,-1.8,13,,,,,,,11.46529412,194.91,187.22,191.065,154.12,40.79,18.22196864,1.778031358,15,140,9.333333333,,,2,22,10,
Player,00-0040129,,43,Yes,37543,$11-$19,,TB,WR,17,Emeka Egbuka,,43,43,42,W22,20,17,14.2,-2.8,19,,,,,,,11.25529412,191.34,204.68,198.01,169.95,21.39,10.03108383,6.968916174,16,193.9,12.11875,,,2,23,10,
Player,00-0036973,,44,Yes,36186,$11-$19,Yes,NO,RB,17,Travis Etienne,,44,41,32,R18,18,17,17.7,0.7,25,,,,,,,12.43176471,211.34,222.27,216.805,157.84,53.5,23.58826483,-6.588264829,16,249.1,15.56875,,,6,27,8,
Player,00-0036275,,45,Yes,36174,$11-$19,Yes,CHI,RB,17,D'Andre Swift,,45,42,41,R19,15,17,14.4,-2.6,19,,,,,,,11.41764706,194.1,218.03,206.065,157.84,36.26,16.30935482,0.690645183,15,220.8,14.72,,,7,27,10,
Player,00-0034796,,46,Yes,35437,$11-$19,,BAL,QB,13,Lamar Jackson,,46,50,56,Q02,15,13,15.3,2.3,10,,,,,,,19.57470588,332.77,359.98,346.375,301.93,30.84,14.02097359,-1.020973595,12,221.44,18.45333333,,,9,29,13,
Player,00-0040128,,47,Yes,37400,$11-$19,,IND,TE,15,Tyler Warren,,47,48,50,T04,15,15,13,-2,13,,,,,,,11.76294118,199.97,188.29,194.13,154.12,45.85,20.35835406,-5.358354063,16,180.9,11.30625,,,2,24,13,
Player,00-0031381,,48,Yes,33962,$3-$10,,LA,WR,9,Davante Adams,,48,56,43,W23,15,9,9.9,0.9,18,,,,,,,11.50294118,195.55,203.38,199.465,169.95,25.6,11.80859027,-2.808590273,14,222.9,15.92142857,,,13,33,11,
Player,00-0039361,,49,Yes,37487,$11-$19,No,TB,RB,13,Bucky Irving,,49,51,40,R20,13,13,11.1,-1.9,20,,,,,,,11.53058824,196.02,203.23,199.625,157.84,38.18,17.11999909,-4.119999087,9,126.7,14.07777778,,,3,24,10,
Player,00-0040784,,50,Yes,37923,$3-$10,Yes,CLE,RB,8,Quinshon Judkins,,50,58,38,R21,12,8,11.5,3.5,21,,,,,,,11.33647059,192.72,220.15,206.435,157.84,34.88,15.72670425,-7.726704247,14,169.8,12.12857143,,,2,22,11,
Player,00-0035685,,51,Yes,35588,$3-$10,Yes,HOU,RB,9,David Montgomery,,51,57,60,R22,12,9,12.3,3.3,9,,,,,,,11.72117647,199.26,201.26,200.26,157.84,41.42,18.48796129,-9.487961294,16,161.42,10.08875,,,8,29,8,
Player,00-0035659,,52,Yes,34957,$11-$19,,WAS,WR,17,Terry McLaurin,,52,45,45,W24,12,17,10.3,-6.7,17,,,,,,,12.29588235,209.03,200.57,204.8,169.95,39.08,17.49998859,-0.499988589,9,104.5,11.61111111,,,8,30,7,
Player,00-0034827,,53,Yes,35534,$11-$19,Yes,BUF,WR,15,DJ Moore,,53,47,52,W25,12,15,8.9,-6.1,11,,,,,,,11.17,189.89,214.39,202.14,169.95,19.94,9.418878517,5.581121483,16,172.08,10.755,,,9,29,7,
Player,00-0037240,,54,Yes,36976,$11-$19,,DET,WR,12,Jameson Williams,,54,52,51,W26,12,12,6.6,-5.4,12,,,,,,,11.03411765,187.58,216.4,201.99,169.95,17.63,8.44357213,3.55642787,16,206.5,12.90625,,,5,25,6,
Player,00-0039919,,55,Yes,37410,$11-$19,,CHI,WR,14,Rome Odunze,,55,49,48,W27,12,14,6.3,-7.7,14,,,,,,,10.90470588,185.38,190.23,187.805,169.95,15.43,7.514708903,6.485291097,12,146.1,12.175,,,3,24,10,
Player,00-0038124,,56,Yes,36292,$11-$19,,GB,WR,11,Christian Watson,,56,53,76,W28,11,11,6.1,-4.9,5,,,,,,,11.22470588,190.82,185.07,187.945,169.95,20.87,9.811534336,1.188465664,10,132.4,13.24,,,5,27,11,
Player,00-0039851,,57,Yes,37498,$3-$10,Yes,NE,QB,7,Drake Maye,,57,61,57,Q03,10,7,9.5,2.5,10,,,,,,,19.80823529,336.74,375.27,356.005,301.93,34.81,15.69714951,-8.697149508,16,385.22,24.07625,,,3,24,11,
Player,00-0036442,,58,Yes,35409,$3-$10,Yes,CIN,QB,7,Joe Burrow,,58,63,74,Q04,10,7,8.7,1.7,5,,,,,,,19.61882353,333.52,368.3,350.91,301.93,31.59,14.33763151,-7.337631513,7,137.32,19.61714286,,,7,29,6,
Player,00-0041512,,59,Yes,37903,$3-$10,,SEA,RB,8,Jadarian Price,,59,59,61,R23,10,8,9.5,1.5,8,,,,,,,12.57176471,213.72,173.92,193.82,157.84,55.88,24.59312596,-16.59312596,0,0,0,,,0,22,11,
Player,00-0038606,,60,Yes,37336,$3-$10,Yes,JAX,WR,10,Parker Washington,,60,55,69,W29,10,10,4.2,-5.8,6,,,,,,,12.04,204.68,205.09,204.885,169.95,34.73,15.66337266,-5.663372664,15,178.6666667,11.91111111,,,4,24,7,
Player,00-0039910,,61,Yes,36878,$3-$10,,WAS,QB,7,Jayden Daniels,,61,65,55,Q05,10,7,6.6,-0.4,10,,,,,,,19.38882353,329.61,335.85,332.73,301.93,27.68,12.68678823,-5.686788233,7,125.28,17.89714286,,,3,25,7,
Player,00-0040719,,62,Yes,37301,$11-$19,Yes,JAX,RB,11,Bhayshul Tuten,,62,54,59,R24,10,11,9.6,-1.4,9,,,,,,,10.65470588,181.13,192.34,186.735,157.84,23.29,10.83328389,0.166716115,14,97.26666667,6.947619048,,,2,24,7,
Player,00-0040734,,63,Yes,37551,$3-$10,No,NE,RB,7,TreVeyon Henderson,,63,64,97,R25,10,7,7.6,0.6,2,,,,,,,10.62764706,180.67,180.59,180.63,157.84,22.83,10.63906703,-3.639067029,16,194.8666667,12.17916667,,,2,23,11,
Player,00-0031408,,64,Yes,34202,$3-$10,Yes,SF,WR,8,Mike Evans,,64,60,77,W30,8,8,6,-2,5,,,,,,,11.07705882,188.31,184.96,186.635,169.95,18.36,8.751785837,-0.751785837,7,79.4,11.34285714,,,13,33,8,
Player,00-0037228,,65,Yes,36100,$3-$10,Yes,PIT,RB,5,Jaylen Warren,,65,69,64,R26,7,5,4.3,-0.7,7,,,,,,,11.67411765,198.46,214.47,206.465,157.84,40.62,18.15019285,-13.15019285,15,207.0666667,13.80444444,,,5,27,9,
Player,00-0036389,,66,Yes,36014,$3-$10,No,PHI,QB,6,Jalen Hurts,,66,66,58,Q06,7,6,6.1,0.1,9,,,,,,,19.57,332.69,348.55,340.62,301.93,30.76,13.98719675,-7.98719675,16,342.06,21.37875,,,7,28,10,
Player,00-0039918,,67,Yes,37213,$3-$10,Yes,CHI,QB,5,Caleb Williams,,67,71,87,Q07,5,5,3.7,-1.3,3,,,,,,,18.86588235,320.72,336.28,328.5,301.93,18.79,8.933336376,-3.933336376,16,345.1,21.56875,,,3,24,10,
Player,00-0038996,,68,Yes,36833,$3-$10,,GB,TE,6,Tucker Kraft,,68,67,102,T05,5,6,6,0,2,,,,,,,10.82176471,183.97,168.61,176.29,154.12,29.85,13.60298514,-7.602985143,8,117.2,14.65,,,4,25,11,
Player,00-0036971,,69,Yes,36439,$3-$10,Yes,JAX,QB,4,Trevor Lawrence,,69,80,82,Q08,5,4,2.5,-1.5,4,,,,,,,18.11764706,308,327.72,317.86,301.93,6.07,3.562818084,0.437181916,16,351.88,21.9925,,,6,26,7,
Player,00-0041438,,70,Yes,38371,$3-$10,,TEN,WR,5,Carnell Tate,,70,73,54,W31,5,5,3.4,-1.6,10,,,,,,,10.15764706,172.68,198.3,185.49,169.95,2.73,2.152634822,2.847365178,0,0,0,,,0,21,9,
Player,00-0036355,,71,Yes,35864,$3-$10,Yes,LAC,QB,5,Justin Herbert,,71,74,93,Q09,5,5,3.7,-1.3,3,,,,,,,17.43941176,296.47,336.33,316.4,301.93,-5.46,1,4,16,323.88,20.2425,,,7,28,7,
Player,00-0039065,,72,Yes,36903,$3-$10,,DET,TE,5,Sam LaPorta,,72,70,73,T06,5,5,4.6,-0.4,6,,,,,,,10.31882353,175.42,157.96,166.69,154.12,21.3,9.993084876,-4.993084876,9,106.9,11.87777778,,,4,25,6,
Player,00-0039849,,73,Yes,37479,$3-$10,,ARI,WR,5,Marvin Harrison Jr.,,73,68,67,W32,5,5,3.7,-1.3,7,,,,,,,10.21294118,173.62,178.07,175.845,169.95,3.67,2.549512746,2.450487254,12,127.8,10.65,,,3,24,,
Player,00-0039811,,74,No,36896,$3-$10,Yes,GB,RB,3,Marshawn Lloyd,,74,84,100,R27,5,3,3.2,0.2,2,,,,,,,8.946470588,152.09,169.85,160.97,157.84,-5.75,1,2,0,0,0,,,3,25,11,
Player,00-0035700,,75,No,35837,$2,No,GB,RB,2,Josh Jacobs,,75,108,62,R28,5,2,21.4,19.4,8,,,,,,,6.378823529,108.44,50.5,79.47,157.84,-49.4,1,1,15,235.1,15.67333333,,,8,28,11,
Player,00-0036970,,76,Yes,36805,$3-$10,,ATL,TE,4,Kyle Pitts,,76,79,71,T07,4,4,3.6,-0.4,6,,,,,,,10.25941176,174.41,181.05,177.73,154.12,20.29,9.566652213,-5.566652213,16,199,12.4375,,,6,25,11,
Player,00-0036139,,77,Yes,35960,$3-$10,,PIT,RB,3,Rico Dowdle,,77,81,95,R29,4,3,3.4,0.4,3,,,,,,,10.84823529,184.42,177.83,181.125,157.84,26.58,12.22235662,-9.22235662,16,219.8666667,13.74166667,,,7,28,9,
Player,00-0036875,,78,Yes,35849,$3-$10,Yes,NE,RB,7,Rhamondre Stevenson,,78,62,63,R30,4,7,4,-3,8,,,,,,,10.12882353,172.19,188.69,180.44,157.84,14.35,7.058721501,-0.058721501,13,141.8333333,10.91025641,,,6,28,11,
Player,00-0040663,,79,Yes,38188,$3-$10,,CLE,TE,4,Harold Fannin Jr.,,79,77,72,T08,4,4,3.6,-0.4,6,,,,,,,10.53058824,179.02,170.89,174.955,154.12,24.9,11.51304288,-7.513042883,16,185.4,11.5875,,,2,22,11,
Player,00-0035261,,80,Yes,35550,$3-$10,,TEN,RB,3,Tony Pollard,,80,82,98,R31,4,3,3.5,0.5,2,,,,,,,9.444705882,160.56,169.31,164.935,157.84,2.72,2.148412717,0.851587283,16,173.3,10.83125,,,8,29,9,
Player,00-0037834,,81,Yes,36521,$2,,SF,QB,2,Brock Purdy,,81,97,85,Q10,4,2,1.4,-0.6,4,,,,,,,17.20294118,292.45,325.15,308.8,301.93,-9.48,1,1,8,201.2,25.15,,,5,26,8,
Player,00-0039344,,82,Yes,37823,$3-$10,,CAR,RB,5,Jonathon Brooks,,82,75,96,R32,4,5,4.1,-0.9,2,,,,,,,9.983529412,169.72,158.82,164.27,157.84,11.88,6.015861424,-1.015861424,0,0,0,,,3,23,5,
Player,00-0040691,,83,Yes,37754,$2,No,NYG,QB,2,Jaxson Dart,,83,106,75,Q11,4,2,2.6,0.6,5,,,,,,,17.86235294,303.66,310.49,307.075,301.93,1.73,1.730424265,0.269575735,13,240.18,18.47538462,,,2,23,8,
Player,00-0033873,,84,Yes,34959,$2,,KC,QB,2,Patrick Mahomes,,84,120,94,Q12,4,2,2.1,0.1,3,,,,,,,17.19058824,292.24,320.14,306.19,301.93,-9.69,1,1,14,318.68,22.76285714,,,10,30,5,
Player,00-0039893,,85,Yes,37537,$3-$10,,JAX,WR,5,Brian Thomas Jr.,,85,72,79,W33,4,5,2.7,-2.3,4,,,,,,,9.334117647,158.68,185.05,171.865,169.95,-11.27,1,4,13,130.9,10.06923077,,,3,23,7,
DST,HOU,,86,Yes,,$1,Yes,HOU,DST,1,Houston,,86,155,169,D01,3,1,3.4,2.4,1,,,,,,,14.11764706,240,240,240,183,57,25.06600178,-24.06600178,16,,,,,,,8,
Player,00-0037692,,87,Yes,34772,$1,,DAL,K,1,Brandon Aubrey,,87,168,181,K01,3,1,4.5,3.5,1,,,,,,,10.62352941,180.6,180.6,180.6,136,44.6,19.83059087,-18.83059087,16,176.6,11.0375,,,4,31,14,
DST,DEN,,88,Yes,,$1,,DEN,DST,1,Denver,,88,175,170,D02,3,1,2.6,1.6,1,,,,,,,12.88235294,219,219,219,183,36,16.19958007,-15.19958007,16,,,,,,,10,
DST,LA,,89,Yes,,$1,,LA,DST,1,Los Angeles R,,89,169,173,D03,3,1,3.9,2.9,1,,,,,,,12.35294118,210,210,210,183,27,12.39968505,-11.39968505,16,,,,,,,11,
Player,00-0033077,,90,Yes,34179,$3-$10,Yes,DAL,QB,4,Dak Prescott,,90,78,83,Q13,3,4,3.6,-0.4,4,,,,,,,18.90352941,321.36,335.25,328.305,301.93,19.43,9.203551133,-5.203551133,16,362.08,22.63,,,11,33,14,
Player,00-0035640,,91,Yes,35778,$3-$10,,PIT,WR,4,DK Metcalf,,91,76,68,W34,3,4,2.3,-1.7,6,,,,,,,10.42176471,177.17,201.11,189.14,169.95,7.22,4.048360225,-0.048360225,15,187.2,12.48,,,8,28,9,
Player,00-0033288,,92,Yes,34251,$3-$10,,SF,TE,3,George Kittle,,92,88,101,T09,3,3,3.2,0.2,2,,,,,,,9.754117647,165.82,174.4,170.11,154.12,11.7,5.939863523,-2.939863523,10,153.6,15.36,,,10,32,8,
Player,00-0036252,00-0036252,93,Yes,35708,$2,,PIT,WR,2,Michael Pittman,,93,104,66,W35,3,2,1.3,-0.7,7,,,,,,,10.26470588,174.5,195.52,185.01,169.95,4.55,2.921058037,-0.921058037,16,199.3,12.45625,,,7,28,9,
Player,00-0026498,,94,Yes,32180,$2,Yes,LA,QB,2,Matthew Stafford,,94,113,86,Q14,3,2,1.7,-0.3,4,,,,,,,17.45117647,296.67,335.88,316.275,301.93,-5.26,1,1,16,396.72,24.795,,,18,38,11,
Player,00-0037664,,95,Yes,36648,$2,,IND,WR,2,Alec Pierce,,95,98,70,W36,3,2,2.7,0.7,6,,,,,,,10.70235294,181.94,176.02,178.98,169.95,11.99,6.062304585,-4.062304585,14,154.1,11.00714286,,,5,26,13,
Player,00-0036555,,96,Yes,36322,$3-$10,,CAR,RB,3,Chuba Hubbard,,96,89,105,R33,3,3,3.7,0.7,2,,,,,,,9.409411765,159.96,168.25,164.105,157.84,2.12,1.895086382,1.104913618,14,128.4666667,9.176190476,,,6,27,5,
Player,00-0038997,,97,Yes,37115,$3-$10,Yes,IND,WR,3,Josh Downs,,97,87,124,W37,3,3,1.4,-1.6,1,,,,,,,10.89235294,185.17,164.03,174.6,169.95,15.22,7.426044686,-4.426044686,15,130.6333333,8.708888889,,,4,25,13,
Player,00-0039146,,98,Yes,36644,$2,Yes,GB,WR,2,Jayden Reed,,98,96,92,W38,3,2,1.2,-0.8,3,,,,,,,10.71764706,182.2,166.84,174.52,169.95,12.25,6.17207933,-4.17207933,5,49.2,9.84,,,4,26,11,
Player,00-0033921,,99,Yes,35122,$3-$10,Yes,TB,WR,3,Chris Godwin Jr.,,99,83,127,W39,3,3,2,-1,1,,,,,,,9.867647059,167.75,180.5,174.125,169.95,-2.2,1,2,8,81.2,10.15,,,10,30,10,
Player,00-0039738,,100,Yes,36855,$2,Yes,LA,RB,2,Blake Corum,,100,93,122,R34,3,2,2.9,0.9,1,,,,,,,9.262941176,157.47,146.39,151.93,157.84,-0.37,1,1,16,125.1666667,7.822916667,,,3,25,11,
Player,00-0031588,,101,Yes,34302,$2,,WAS,WR,2,Stefon Diggs,,101,92,114,W40,3,2,1.8,-0.2,2,,,,,,,9.809411765,166.76,155.8,161.28,169.95,-3.19,1,1,16,203,12.6875,,,12,32,7,
Player,00-0036158,,102,No,36146,$3-$10,Yes,DEN,RB,3,J.K. Dobbins,,102,85,106,R35,3,3,2.5,-0.5,2,,,,,,,8.011764706,136.2,149.81,143.005,157.84,-21.64,1,2,10,115.9,11.59,,,7,27,10,
Player,00-0040236,,103,No,37413,$2,Yes,CHI,RB,2,Kyle Monangai,,103,109,107,R36,3,2,2.2,0.2,2,,,,,,,8.598823529,146.18,130.56,138.37,157.84,-11.66,1,1,16,140.8,8.8,,,2,24,10,
Player,00-0040867,,104,No,38140,$2,No,PHI,WR,2,Makai Lemon,,104,105,126,W41,3,2,1.5,-0.5,1,,,,,,,8.261176471,140.44,131.84,136.14,169.95,-29.51,1,1,0,0,0,,,0,22,10,
Player,00-0041035,,105,No,37608,$2,Yes,SF,WR,2,De'Zhaun Stribling,,105,94,90,W42,3,2,2.4,0.4,3,,,,,,,7.027647059,119.47,130.3,124.885,169.95,-50.48,1,1,0,0,0,,,0,23,8,
Player,00-0041029,,106,No,38211,$2,,NO,WR,2,Jordyn Tyson,,106,129,151,W43,3,2,1.9,-0.1,1,,,,,,,6.944117647,118.05,100.91,109.48,169.95,-51.9,1,1,0,0,0,,,0,22,8,
Player,00-0040878,,107,No,37805,$2,,LV,RB,2,Mike Washington Jr.,,107,128,157,R37,3,2,3,1,1,,,,,,,5.050588235,85.86,95.38,90.62,157.84,-71.98,1,1,0,0,0,,,0,23,13,
DST,SEA,,108,Yes,,$1,Yes,SEA,DST,1,Seattle,,108,176,172,D04,2,1,2.1,1.1,1,,,,,,,13.35294118,227,227,227,183,44,19.57726453,-18.57726453,16,,,,,,,11,
Player,00-0036919,,109,Yes,36233,$2,Yes,TB,RB,2,Kenny Gainwell,,109,114,99,R38,2,2,1.9,-0.1,2,,,,,,,10.47941176,178.15,175.6,176.875,157.84,20.31,9.575096424,-7.575096424,16,218.9333333,13.68333333,,,6,27,10,
Player,00-0030506,,110,Yes,32786,$2,,KC,TE,2,Travis Kelce,,110,121,104,T10,2,2,2.1,0.1,2,,,,,,,9.618235294,163.51,178.61,171.06,154.12,9.39,4.964557135,-2.964557135,16,189,11.8125,,,14,36,5,
Player,00-0033106,,111,Yes,34621,$2,Yes,DET,QB,2,Jared Goff,,111,118,135,Q15,2,2,1.4,-0.6,1,,,,,,,17.98823529,305.8,321.13,313.465,301.93,3.87,2.633954858,-0.633954858,16,335.82,20.98875,,,11,31,6,
Player,00-0039732,,112,Yes,36581,$2,Yes,DEN,QB,2,Bo Nix,,112,102,84,Q16,2,2,1.5,-0.5,4,,,,,,,17.76058824,301.93,324.48,313.205,301.93,0,1,1,16,331.3,20.70625,,,3,26,10,
Player,00-0034753,,113,Yes,34948,$1,,BAL,TE,1,Mark Andrews,,113,134,110,T11,2,1,1.2,0.2,2,,,,,,,9.309411765,158.26,158.25,158.255,154.12,4.14,2.747951708,-1.747951708,16,127.6,7.975,,,9,30,13,
Player,00-0034348,,114,Yes,34982,$2,,DEN,WR,2,Courtland Sutton,,114,100,65,W44,2,2,1.8,-0.2,7,,,,,,,9.718823529,165.22,180.14,172.68,169.95,-4.73,1,1,16,218.2,13.6375,,,9,30,10,
Player,00-0037838,,115,No,36634,$2,Yes,NYG,TE,2,Isaiah Likely,,115,123,111,T12,2,2,1.8,-0.2,2,,,,,,,8.341176471,141.8,168.07,154.935,154.12,-12.32,1,1,11,55.5,5.045454545,,,5,26,8,
Player,00-0040730,,116,Yes,36926,$2,No,DEN,RB,2,RJ Harvey,,116,110,123,R39,2,2,2.3,0.3,1,,,,,,,9.448823529,160.63,154.68,157.655,157.84,2.79,2.177967456,-0.177967456,16,213.0666667,13.31666667,,,2,25,10,
Player,00-0038559,,117,Yes,36579,$3-$10,,ARI,WR,3,Michael Wilson,,117,86,80,W45,2,3,1.8,-1.2,4,,,,,,,9.697647059,164.86,172.88,168.87,169.95,-5.09,1,2,16,199.7,12.48125,,,4,26,,
Player,00-0033293,,118,Yes,34670,$2,,MIN,RB,2,Aaron Jones,,118,125,115,R40,2,2,1.6,-0.4,2,,,,,,,9.284705882,157.84,154,155.92,157.84,0,1,1,12,117.7,9.808333333,,,10,31,6,
Player,00-0038117,,119,Yes,36896,$2,,TEN,WR,2,Wan'Dale Robinson,,119,112,88,W46,2,2,1.3,-0.7,3,,,,,,,9.674117647,164.46,171.28,167.87,169.95,-5.49,1,1,16,219.2666667,13.70416667,,,5,25,9,
Player,00-0035228,,120,Yes,35649,$2,No,MIN,QB,2,Kyler Murray,,120,115,133,Q17,2,2,1.3,-0.7,1,,,,,,,17.05529412,289.94,307.63,298.785,301.93,-11.99,1,1,5,85.78,17.156,,,8,29,6,
Player,00-0037256,,121,Yes,36172,$2,,WAS,RB,2,Rachaad White,,121,116,120,R41,2,2,1.4,-0.6,2,,,,,,,9.162352941,155.76,146.94,151.35,157.84,-2.08,1,1,16,136.9,8.55625,,,5,27,7,
Player,00-0038544,,122,Yes,37140,$2,Yes,LAC,WR,2,Quentin Johnston,,122,91,113,W47,2,2,1.4,-0.6,2,,,,,,,9.212352941,156.61,170.08,163.345,169.95,-13.34,1,1,13,170.2,13.09230769,,,4,24,7,
Player,00-0038994,,123,Yes,37283,$2,Yes,MIN,WR,2,Jordan Addison,,123,95,89,W48,2,2,1.2,-0.8,3,,,,,,,9.298235294,158.07,163.18,160.625,169.95,-11.88,1,1,13,133.3,10.25384615,,,4,24,6,
Player,00-0037525,,124,No,36304,$2,,MIN,RB,2,Jordan Mason,,124,103,121,R42,2,2,2.3,0.3,1,,,,,,,8.675882353,147.49,147.41,147.45,157.84,-10.35,1,1,15,118.5,7.9,,,5,27,6,
Player,00-0034960,,125,Yes,35378,$2,,JAX,WR,2,Jakobi Meyers,,125,126,81,W49,2,2,1.1,-0.9,4,,,,,,,9.597647059,163.16,150.16,156.66,169.95,-6.79,1,1,15,165.4,11.02666667,,,8,29,7,
Player,00-0040242,,126,No,36993,$3-$10,,WAS,RB,3,Jacory Croskey-Merritt,,126,90,108,R43,2,3,1.9,-1.1,2,,,,,,,8.587647059,145.99,142.8,144.395,157.84,-11.85,1,2,16,135.4,8.4625,,,2,25,7,
Player,00-0039894,,127,No,37738,$2,,KC,WR,2,Xavier Worthy,,127,130,112,W50,2,2,1.1,-0.9,2,,,,,,,8.635294118,146.8,144.74,145.77,169.95,-23.15,1,1,14,109.9,7.85,,,3,23,5,
Player,00-0038128,,128,Yes,36305,$1,No,MIA,QB,1,Malik Willis,,128,132,150,Q18,2,1,1.1,0.1,1,,,,,,,16.44588235,279.58,266.29,272.935,301.93,-22.35,1,0,4,56.18,14.045,,,5,27,6,
Player,00-0032726,,129,Yes,34363,$1,Yes,HOU,K,1,Ka'imi Fairbairn,,129,181,185,K02,1,1,1.7,0.7,1,,,,,,,11.17647059,190,190,190,136,54,23.79937011,-22.79937011,14,165,11.78571429,,,11,32,8,
Player,00-0031492,,130,Yes,33370,$1,Yes,SEA,K,1,Jason Myers,,130,188,183,K03,1,1,1.5,0.5,1,,,,,,,11.11764706,189,189,189,136,53,23.37715955,-22.37715955,16,187,11.6875,,,12,35,11,
Player,00-0037224,,131,Yes,36652,$1,Yes,LAC,K,1,Cameron Dicker,,131,187,182,K04,1,1,1.6,0.6,1,,,,,,,9.588235294,163,163,163,136,27,12.39968505,-11.39968505,16,160,10,,,5,26,7,
DST,MIN,,132,Yes,,$1,,MIN,DST,1,Minnesota,,132,189,299,D05,1,1,1.1,0.1,1,,,,,,,12.11764706,206,206,206,183,23,10.71084282,-9.710842824,16,,,,,,,6,
DST,PIT,,133,Yes,,$1,,PIT,DST,1,Pittsburgh,,133,199,171,D06,1,1,1.1,0.1,1,,,,,,,12.11764706,206,206,206,183,23,10.71084282,-9.710842824,16,,,,,,,9,
Player,00-0039409,,134,Yes,37850,$1,Yes,JAX,K,1,Cam Little,,134,193,188,K05,1,1,1.4,0.4,1,,,,,,,9.235294118,157,157,157,136,21,9.866421708,-8.866421708,16,142,8.875,,,3,23,7,
Player,00-0039404,,135,Yes,36900,$1,Yes,MIN,K,1,Will Reichard,,135,207,192,K06,1,1,1.1,0.1,1,,,,,,,9.235294118,157,157,157,136,21,9.866421708,-8.866421708,16,146,9.125,,,3,25,6,
DST,CLE,,136,Yes,,$1,,CLE,DST,1,Cleveland,,136,300,176,D07,1,1,1.2,0.2,1,,,,,,,12,204,204,204,183,21,9.866421708,-8.866421708,16,,,,,,,11,
DST,ATL,,137,Yes,,$1,,ATL,DST,1,Atlanta,,137,291,309,D08,1,1,0,-1,1,,,,,,,11.82352941,201,201,201,183,18,8.599790036,-7.599790036,16,,,,,,,11,
DST,PHI,,138,Yes,,$1,,PHI,DST,1,Philadelphia,,138,185,175,D09,1,1,1.2,0.2,1,,,,,,,11.64705882,198,198,198,183,15,7.333158363,-6.333158363,16,,,,,,,10,
DST,JAX,,139,Yes,,$1,,JAX,DST,1,Jacksonville,,139,196,254,D10,1,1,1.2,0.2,1,,,,,,,11.47058824,195,195,195,183,12,6.066526691,-5.066526691,16,,,,,,,7,
Player,00-0040667,,140,Yes,37834,$2,Yes,GB,WR,2,Matthew Golden,,140,101,78,W51,1,2,1.2,-0.8,4,,,,,,,9.997058824,169.95,183.62,176.785,169.95,0,1,1,13,69.13333333,5.317948718,,,2,23,11,
Player,00-0035358,,141,No,35164,$1,,TB,K,1,Chase McLaughlin,,141,265,238,K07,1,1,1.3,0.3,1,,,,,,,8.352941176,142,142,142,136,6,3.533263345,-2.533263345,16,137,8.5625,,,8,30,10,
Player,00-0039172,,142,No,36222,$1,,DET,K,1,Jake Bates,,142,231,189,K08,1,1,1.2,0.2,1,,,,,,,8.294117647,141,141,141,136,5,3.111052788,-2.111052788,16,132,8.25,,,3,27,6,
Player,00-0031136,,143,No,33313,$1,,PIT,K,1,Chris Boswell,,143,268,237,K09,1,1,1.2,0.2,1,,,,,,,8.235294118,140,140,140,136,4,2.68884223,-1.68884223,16,134,8.375,,,12,35,9,
Player,00-0036264,,144,Yes,36101,$2,,GB,QB,2,Jordan Love,,144,122,198,Q19,1,2,1.1,-0.9,1,,,,,,,17.72647059,301.35,308.41,304.88,301.93,-0.58,1,1,15,273.14,18.20933333,,,7,27,11,
Player,00-0034351,,145,Yes,34702,$2,,PHI,TE,2,Dallas Goedert,,145,119,103,T13,1,2,1.4,-0.6,2,,,,,,,9.065882353,154.12,158.92,156.52,154.12,0,1,1,15,185.1,12.34,,,9,31,10,
Player,00-0033303,,146,No,34894,$1,,KC,K,1,Harrison Butker,,146,275,187,K10,1,1,1.2,0.2,1,,,,,,,8.117647059,138,138,138,136,2,1.844421115,-0.844421115,16,124,7.75,,,10,31,5,
Player,00-0040074,,147,No,37107,$1,,BAL,K,1,Tyler Loop,,147,201,190,K11,1,1,1.1,0.1,1,,,,,,,8.058823529,137,137,137,136,1,1.422210558,-0.422210558,16,132,8.25,,,2,25,13,
Player,00-0040200,,148,No,37623,$1,,NE,K,1,Andy Borregales,,148,286,307,K12,1,1,1.1,0.1,1,,,,,,,8,136,136,136,136,0,1,0,16,129,8.0625,,,2,23,11,
DST,NO,,149,Yes,,$1,,NO,DST,1,New Orleans,,149,289,255,D11,1,1,0,-1,1,,,,,,,10.76470588,183,183,183,183,0,1,0,16,,,,,,,8,
DST,CHI,,150,Yes,,$1,,CHI,DST,1,Chicago,,150,290,308,D12,1,1,1,0,1,,,,,,,10.76470588,183,183,183,183,0,1,0,16,,,,,,,10,
Player,00-0034173,,151,No,34955,$1,,SF,K,1,Eddy Pineiro,,151,217,186,K13,1,1,1,0,1,,,,,,,7.941176471,135,135,135,136,-1,1,0,13,133,10.23076923,,,9,30,8,
DST,LAC,,152,Yes,,$1,,LAC,DST,1,Los Angeles C,,152,228,180,D13,1,1,1.2,0.2,1,,,,,,,10.52941176,179,179,179,183,-4,1,0,16,,,,,,,7,
Player,00-0036854,,153,No,36362,$1,,CIN,K,1,Evan McPherson,,153,219,256,K14,1,1,1.1,0.1,1,,,,,,,7.647058824,130,130,130,136,-6,1,0,16,132,8.25,,,6,27,6,
Player,00-0034855,,154,Yes,34803,$1,,TB,QB,1,Baker Mayfield,,154,135,149,Q20,1,1,1.1,0.1,1,,,,,,,16.53294118,281.06,310.64,295.85,301.93,-20.87,1,0,16,295.7,18.48125,,,9,31,10,
Player,00-0038041,,155,No,36178,$1,No,DAL,TE,1,Jake Ferguson,,155,146,109,T14,1,1,1.2,0.2,2,,,,,,,8.909411765,151.46,143.09,147.275,154.12,-2.66,1,0,16,184.6,11.5375,,,5,27,14,
Player,00-0041547,,156,Yes,38254,$2,Yes,CLE,WR,2,KC Concepcion,,156,99,125,W52,1,2,1.3,-0.7,1,,,,,,,9.693529412,164.79,160.93,162.86,169.95,-5.16,1,1,0,0,0,,,0,21,11,
Player,00-0038933,,157,No,36451,$2,,BUF,TE,2,Dalton Kincaid,,157,107,116,T15,1,2,1.4,-0.6,2,,,,,,,8.611764706,146.4,147.29,146.845,154.12,-7.72,1,1,11,118.3,10.75454545,,,4,26,7,
Player,00-0037545,,158,Yes,36038,$1,No,SEA,WR,1,Rashid Shaheed,,158,133,131,W53,1,1,1.1,0.1,1,,,,,,,9.868823529,167.77,153.11,160.44,169.95,-2.18,1,0,17,178.4666667,10.49803922,,,5,28,11,
Player,00-0036040,,159,No,35321,$1,Yes,NO,TE,1,Juwan Johnson,,159,141,160,T16,1,1,1.1,0.1,1,,,,,,,8.320588235,141.45,145.01,143.23,154.12,-12.67,1,0,16,171.8,10.7375,,,7,29,8,
Player,00-0033090,,160,No,34675,$1,Yes,NE,TE,1,Hunter Henry,,160,164,118,T17,1,1,1.1,0.1,2,,,,,,,8.717647059,148.2,135.79,141.995,154.12,-5.92,1,0,16,168.2,10.5125,,,11,31,11,
Player,00-0031203,,161,No,33554,$1,,CHI,K,1,Cairo Santos,,161,215,191,K15,1,1,1,0,1,,,,,,,7.235294118,123,123,123,136,-13,1,0,14,125,8.928571429,,,13,34,10,
Player,00-0039163,,162,Yes,37167,$1,No,HOU,QB,1,C.J. Stroud,,162,165,199,Q21,1,1,1.2,0.2,1,,,,,,,16.86588235,286.72,289.99,288.355,301.93,-15.21,1,0,13,219.28,16.86769231,,,4,24,8,
Player,00-0040743,,163,Yes,36431,$1,Yes,NO,QB,1,Tyler Shough,,163,138,134,Q22,1,1,1.2,0.2,1,,,,,,,17.08411765,290.43,285.23,287.83,301.93,-11.5,1,0,10,147.2,14.72,,,2,26,8,
Player,00-0037261,,164,Yes,36559,$1,,BUF,WR,1,Khalil Shakir,,164,140,91,W54,1,1,1.1,0.1,3,,,,,,,9.507058824,161.62,147.12,154.37,169.95,-8.33,1,0,16,169.5333333,10.59583333,,,5,26,7,
Player,00-0039880,,165,No,36819,$1,No,MIA,WR,1,Malik Washington,,165,209,224,W55,1,1,0,-1,1,,,,,,,8.33,141.61,164.96,153.285,169.95,-28.34,1,0,16,142.8666667,8.929166667,,,3,25,6,
Player,00-0037816,,166,No,36629,$2,,NE,WR,2,Romeo Doubs,,166,124,129,W56,1,2,1.1,-0.9,1,,,,,,,8.919411765,151.63,153.04,152.335,169.95,-18.32,1,1,16,168.5333333,10.53333333,,,5,26,11,
Player,00-0038935,,167,No,36887,$1,,JAX,TE,1,Brenton Strange,,167,166,194,T18,1,1,1,0,1,,,,,,,8.05,136.85,135.3,136.075,154.12,-17.27,1,0,11,100.8,9.163636364,,,4,25,7,
DST,NE,,168,Yes,,$1,,NE,DST,1,New England,,168,197,177,D14,1,1,1.1,0.1,1,,,,,,,9.588235294,163,163,163,183,-20,1,0,16,,,,,,,11,
Player,00-0035710,,169,Yes,35577,$1,No,IND,QB,1,Daniel Jones,,169,163,136,Q23,1,1,1.1,0.1,1,,,,,,,16.24176471,276.11,287.62,281.865,301.93,-25.82,1,0,13,253.44,19.49538462,,,8,29,13,
Player,00-0039491,,170,Yes,37194,$2,Yes,CAR,WR,2,Jalen Coker,,170,117,130,W57,1,2,1.1,-0.9,1,,,,,,,9.145882353,155.48,142.34,148.91,169.95,-14.47,1,1,10,72.7,7.27,,,3,24,5,
Player,00-0034383,,171,No,35257,$1,Yes,HOU,TE,1,Dalton Schultz,,171,149,207,T19,1,1,1,0,1,,,,,,,8.112352941,137.91,125.37,131.64,154.12,-16.21,1,0,16,166.4,10.4,,,9,30,8,
DST,BUF,,172,Yes,,$1,,BUF,DST,1,Buffalo,,172,242,302,D15,1,1,1.2,0.2,1,,,,,,,9.411764706,160,160,160,183,-23,1,0,16,,,,,,,7,
DST,DET,,173,Yes,,$1,,DET,DST,1,Detroit,,173,233,178,D16,1,1,1.2,0.2,1,,,,,,,9.352941176,159,159,159,183,-24,1,0,16,,,,,,,6,
DST,IND,,174,Yes,,$1,,IND,DST,1,Indianapolis,,174,272,298,D17,1,1,0,-1,1,,,,,,,9.352941176,159,159,159,183,-24,1,0,16,,,,,,,13,
Player,00-0035229,,175,No,35614,$1,,MIN,TE,1,T.J. Hockenson,,175,212,117,T20,1,1,1.2,0.2,2,,,,,,,7.495882353,127.43,130.99,129.21,154.12,-26.69,1,0,15,112.8,7.52,,,8,29,6,
DST,TB,,176,Yes,,$1,,TB,DST,1,Tampa Bay,,176,269,235,D18,1,1,0,-1,1,,,,,,,9.294117647,158,158,158,183,-25,1,0,16,,,,,,,10,
Player,00-0035719,,177,No,35079,$1,,SF,WR,1,Deebo Samuel Sr.,,177,150,128,W58,1,1,1.3,0.3,1,,,,,,,8.008235294,136.14,152.49,144.315,169.95,-33.81,1,0,15,199.1666667,13.27777778,,,8,30,8,
Player,00-0037809,,178,No,36411,$1,Yes,WAS,TE,1,Chig Okonkwo,,178,156,216,T21,1,1,1,0,1,,,,,,,7.324705882,124.52,129.48,127,154.12,-29.6,1,0,16,121.8,7.6125,,,5,26,7,
Player,00-0039032,,179,No,37057,$1,,TEN,RB,1,Tyjae Spears,,179,139,139,R44,1,1,1.1,0.1,1,,,,,,,7.965294118,135.41,121.87,128.64,157.84,-22.43,1,0,12,102,8.5,,,4,25,9,
Player,00-0039793,,180,No,37379,$1,,SEA,TE,1,AJ Barner,,180,182,217,T22,1,1,1.1,0.1,1,,,,,,,7.23,122.91,119.6,121.255,154.12,-31.21,1,0,16,143.9,8.99375,,,3,24,11,
Player,00-0038563,,181,No,36958,$1,,LV,WR,1,Tre Tucker,,181,148,152,W59,1,1,0,-1,1,,,,,,,7.519411765,127.83,141.03,134.43,169.95,-42.12,1,0,16,158.7,9.91875,,,4,25,13,
Player,00-0041037,,182,No,37961,$1,,CLE,WR,1,Denzel Boston,,182,143,143,W60,1,1,1.3,0.3,1,,,,,,,7.525294118,127.93,140.05,133.99,169.95,-42.02,1,0,0,0,0,,,0,22,11,
DST,BAL,,183,No,,$1,,BAL,DST,1,Baltimore,,183,203,174,D19,1,1,1.1,0.1,1,,,,,,,8.647058824,147,147,147,183,-36,1,0,16,,,,,,,13,
Player,00-0034869,,184,Yes,35586,$1,,SEA,QB,1,Sam Darnold,,184,151,200,Q24,1,1,1.2,0.2,1,,,,,,,15.53823529,264.15,265.01,264.58,301.93,-37.78,1,0,16,256.6,16.0375,,,9,29,11,
Player,00-0041032,,185,No,38415,$1,No,NYJ,TE,1,Kenyon Sadiq,,185,195,159,T23,1,1,1.1,0.1,1,,,,,,,6.374117647,108.36,124.26,116.31,154.12,-45.76,1,0,0,0,0,,,0,21,13,
Player,00-0036894,,186,No,36093,$1,,PIT,TE,1,Pat Freiermuth,,186,282,206,T24,1,1,1.4,0.4,1,,,,,,,6.905882353,117.4,110.76,114.08,154.12,-36.72,1,0,14,105.5,7.535714286,,,6,27,9,
Player,00-0038129,,187,No,36265,$1,,TB,TE,1,Cade Otton,,187,262,260,T25,1,1,0,-1,1,,,,,,,6.455294118,109.74,117.97,113.855,154.12,-44.38,1,0,14,99.8,7.128571429,,,5,27,10,
Player,00-0037252,,188,No,36611,$1,Yes,MIA,TE,1,Greg Dulcich,,188,191,258,T26,1,1,1.3,0.3,1,,,,,,,7.566470588,128.63,96.21,112.42,154.12,-25.49,1,0,8,55.7,6.9625,,,5,26,6,
DST,KC,,189,No,,$1,,KC,DST,1,Kansas City,,189,238,179,D20,1,1,1.4,0.4,1,,,,,,,8.294117647,141,141,141,183,-42,1,0,16,,,,,,,5,
Player,00-0040583,,190,No,36889,$1,,HOU,RB,1,Woody Marks,,190,131,137,R45,1,1,1.2,0.2,1,,,,,,,7.357058824,125.07,103.25,114.16,157.84,-32.77,1,0,15,138.3,9.22,,,2,25,8,
x,00-0039150,,191,Yes,37097,$1,No,CAR,QB,1,Bryce Young,,191,183,218,Q25,1,1,1.5,0.5,1,,,,,,,14.81235294,251.81,263.51,257.66,301.93,-50.12,1,0,15,229.5,15.3,,,4,25,5,
Player,00-0039165,,192,No,36899,$1,,SEA,RB,1,Zach Charbonnet,,192,144,138,R46,1,1,1.9,0.9,1,,,,,,,6.438823529,109.46,117.29,113.375,157.84,-48.38,1,0,15,162.7,10.84666667,,,4,25,11,
Player,00-0037291,,193,No,36221,$1,Yes,LV,WR,1,Jalen Nailor,,193,177,153,W61,1,1,1.1,0.1,1,,,,,,,6.966470588,118.43,130.94,124.685,169.95,-51.52,1,0,16,92.8,5.8,,,5,27,13,
Player,00-0038611,,194,No,36429,$2,,JAX,RB,2,Chris Rodriguez Jr.,,194,111,140,R47,1,2,1.2,-0.8,1,,,,,,,6.684117647,113.63,110.92,112.275,157.84,-44.21,1,1,11,76.7,6.972727273,,,4,26,7,
Player,00-0038454,,195,No,37273,$2,,LAC,RB,2,Keaton Mitchell,,195,127,154,R48,1,2,1.2,-0.8,1,,,,,,,6.8,115.6,108.26,111.93,157.84,-42.24,1,1,12,72.9,6.075,,,4,24,7,
Player,00-0038608,,196,No,37383,$1,,HOU,WR,1,Kayshon Boutte,,196,171,211,W62,1,1,0,-1,1,,,,,,,6.747647059,114.71,130.99,122.85,169.95,-55.24,1,0,13,119.7,9.207692308,,,4,24,8,
i,00-0040584,,197,No,37505,$1,Yes,TEN,TE,1,Gunnar Helm,,197,218,215,T27,1,1,0,-1,1,,,,,,,6.572941176,111.74,101.63,106.685,154.12,-42.38,1,0,16,91.7,5.73125,,,2,23,9,
Player,00-0040737,,198,No,37687,$1,,LA,TE,1,Terrance Ferguson,,198,157,119,T28,1,1,1.1,0.1,2,,,,,,,5.478235294,93.13,120.16,106.645,154.12,-60.99,1,0,11,52.1,4.736363636,,,2,23,11,
Player,00-0040676,,199,Yes,37401,$1,No,TEN,QB,1,Cam Ward,,199,179,219,Q26,1,1,1.3,0.3,1,,,,,,,15.05529412,255.94,250.89,253.415,301.93,-45.99,1,0,16,193.48,12.0925,,,2,24,9,
Player,00-0040162,,200,No,38244,$1,,CLE,RB,1,Dylan Sampson,,200,180,168,R49,1,1,0,-1,1,,,,,,,6.448235294,109.62,108.57,109.095,157.84,-48.22,1,0,14,92.2,6.585714286,,,2,21,11,
Player,00-0023459,,201,Yes,30652,$1,No,PIT,QB,1,Aaron Rodgers,,201,249,269,Q27,1,1,1.5,0.5,1,,,,,,,14.06647059,239.13,264.72,251.925,301.93,-62.8,1,0,15,247.32,16.488,,,22,42,9,
Player,00-0041523,,202,No,37873,$1,Yes,MIA,WR,1,Caleb Douglas,,202,170,148,W63,1,1,0,-1,1,,,,,,,6.110588235,103.88,129.69,116.785,169.95,-66.07,1,0,0,0,0,,,0,22,6,
DST,GB,,203,No,,$1,,GB,DST,1,Green Bay,,203,237,236,D21,1,1,1.4,0.4,1,,,,,,,7.588235294,129,129,129,183,-54,1,0,16,,,,,,,11,
Player,00-0037263,,204,No,36631,$1,,ARI,RB,1,Tyler Allgeier,,204,136,142,R50,1,1,1.3,0.3,1,,,,,,,5.898235294,100.27,107.37,103.82,157.84,-57.57,1,0,16,120.1,7.50625,,,5,26,,
Player,00-0037746,,205,No,36241,$1,,ATL,RB,1,Brian Robinson,,205,160,141,R51,1,1,17.5,16.5,1,,,,,,,5.802352941,98.64,108.71,103.675,157.84,-59.2,1,0,16,73,4.5625,,,3,27,11,
Player,00-0036407,,206,No,36274,$1,No,CLE,WR,1,Jerry Jeudy,,206,194,144,W64,1,1,0,-1,1,,,,,,,6.376470588,108.4,119.7,114.05,169.95,-61.55,1,0,16,115.5,7.21875,,,7,27,11,
Player,00-0039498,,207,No,37342,$1,,LA,K,1,Harrison Mevis,,207,253,184,K16,1,1,1.4,0.4,1,,,,,,,4.705882353,80,80,80,136,-56,1,0,8,65,8.125,,,2,24,11,
DST,NYG,,208,No,,$1,,NYG,DST,1,New York G,,208,266,305,D22,1,1,1.1,0.1,1,,,,,,,7.352941176,125,125,125,183,-58,1,0,16,,,,,,,8,
Player,00-0040727,,209,No,37315,$1,,LAC,WR,1,Tre Harris,,209,186,205,W65,1,1,0,-1,1,,,,,,,6.042941176,102.73,121.13,111.93,169.95,-67.22,1,0,15,64.6,4.306666667,,,2,24,7,
Player,00-0039410,,210,No,36460,$1,,DAL,WR,1,Ryan Flournoy,,210,162,208,W66,1,1,0,-1,1,,,,,,,6.458823529,109.8,113.91,111.855,169.95,-60.15,1,0,14,102.2,7.3,,,3,26,14,
Player,00-0030279,,211,No,33721,$1,,IND,WR,1,Keenan Allen,,211,145,161,W67,1,1,1.2,0.2,1,,,,,,,5.844705882,99.36,122.91,111.135,169.95,-70.59,1,0,16,172.1,10.75625,,,14,34,13,
Player,00-0039855,,212,No,37232,$1,,TB,WR,1,Jalen McMillan,,212,153,132,W68,1,1,0,-1,1,,,,,,,6.56,111.52,110.13,110.825,169.95,-58.43,1,0,3,27.8,9.266666667,,,3,24,10,
Player,00-0036259,,213,No,35621,$1,No,MIN,WR,1,Jauan Jennings,,213,214,201,W69,1,1,1,0,1,,,,,,,6.918823529,117.62,103.83,110.725,169.95,-52.33,1,0,14,164.8,11.77142857,,,6,29,6,
Player,00-0039875,,214,No,36484,$1,,BUF,RB,1,Ray Davis,,214,152,167,R52,1,1,0,-1,1,,,,,,,5.689411765,96.72,98.09,97.405,157.84,-61.12,1,0,16,69.4,4.3375,,,3,26,7,
Player,00-0033881,,215,No,34579,$1,,DEN,TE,1,Evan Engram,,215,287,289,T29,1,1,0,-1,1,,,,,,,4.451176471,75.67,104.22,89.945,154.12,-78.45,1,0,15,95.3,6.353333333,,,10,32,10,
Player,00-0034829,,216,No,34975,$1,,CIN,TE,1,Mike Gesicki,,216,316,292,T30,1,1,0,-1,1,,,,,,,5.272941176,89.64,87.93,88.785,154.12,-64.48,1,0,11,67.4,6.127272727,,,9,30,6,
Player,00-0036550,,217,No,36493,$1,,BAL,WR,1,Rashod Bateman,,217,222,162,W70,1,1,0,-1,1,,,,,,,5.686470588,96.67,109.56,103.115,169.95,-73.28,1,0,13,55.4,4.261538462,,,6,26,13,
Player,00-0033526,,218,No,34958,$1,,CIN,RB,1,Samaje Perine,,218,246,222,R53,1,1,0,-1,1,,,,,,,5.588823529,95.01,85.03,90.02,157.84,-62.83,1,0,14,82.03333333,5.85952381,,,10,30,6,
Player,00-0039890,,219,No,37537,$1,No,NYJ,WR,1,Adonai Mitchell,,219,147,146,W71,1,1,0,-1,1,,,,,,,6.021176471,102.36,101.26,101.81,169.95,-67.59,1,0,15,86.9,5.793333333,,,3,23,13,
Player,00-0038555,,220,No,37498,$1,,PHI,RB,1,Tank Bigsby,,220,137,166,R54,1,1,1.2,0.2,1,,,,,,,5.244117647,89.15,89.72,89.435,157.84,-68.69,1,0,14,43.1,3.078571429,,,4,24,10,
DST,SF,,221,No,,$1,,SF,DST,1,San Francisco,,221,259,286,D23,1,1,1.2,0.2,1,,,,,,,6.705882353,114,114,114,183,-69,1,0,16,,,,,,,8,
Player,00-0034975,,222,No,35748,$1,,BAL,RB,1,Justice Hill,,222,255,196,R55,1,1,0,-1,1,,,,,,,4.443529412,75.54,101.1,88.32,157.84,-82.3,1,0,10,71.46666667,7.146666667,,,8,28,13,
Player,00-0040134,,223,No,37600,$1,,DEN,WR,1,Pat Bryant,,223,158,263,W72,1,1,0,-1,1,,,,,,,5.577058824,94.81,105.25,100.03,169.95,-75.14,1,0,12,67.7,5.641666667,,,2,23,10,
Player,00-0038393,,224,No,37058,$1,Yes,PHI,WR,1,Dontayvion Wicks,,224,154,163,W73,1,1,0,-1,1,,,,,,,5.666470588,96.33,103.63,99.98,169.95,-73.62,1,0,13,75.8,5.830769231,,,4,25,10,
Player,00-0041496,,225,No,37853,$1,Yes,DEN,RB,1,Jonah Coleman,,225,142,156,R56,1,1,1.3,0.3,1,,,,,,,5.402352941,91.84,83.88,87.86,157.84,-66,1,0,0,0,0,,,0,23,10,
Player,00-0037197,,226,No,36221,$1,,DET,RB,1,Isiah Pacheco,,226,178,155,R57,1,1,1.2,0.2,1,,,,,,,4.610588235,78.38,96.48,87.43,157.84,-79.46,1,0,13,87.3,6.715384615,,,5,27,6,
Player,00-0038104,,227,No,36745,$1,No,KC,WR,1,Tyquan Thornton,,227,230,253,W74,1,1,0,-1,1,,,,,,,4.963529412,84.38,114.34,99.36,169.95,-85.57,1,0,12,96.63333333,8.052777778,,,5,26,5,
Player,00-0040138,,228,No,37503,$1,,HOU,WR,1,Jaylin Noel,,228,190,165,W75,1,1,0,-1,1,,,,,,,6.572941176,111.74,86.17,98.955,169.95,-58.21,1,0,16,97.86666667,6.116666667,,,2,23,8,
Player,00-0034837,,229,No,34688,$1,No,TEN,WR,1,Calvin Ridley,,229,254,145,W76,1,1,0,-1,1,,,,,,,5.435294118,92.4,105.12,98.76,169.95,-77.55,1,0,7,47.3,6.757142857,,,8,31,9,
Player,00-0041044,,230,No,38075,$1,No,ATL,WR,1,Zachariah Branch,,230,213,209,W77,1,1,0,-1,1,,,,,,,6.404117647,108.87,87.68,98.275,169.95,-61.08,1,0,0,0,0,,,0,22,11,
Player,00-0033906,,231,No,34905,$1,,NO,RB,1,Alvin Kamara,,231,184,195,R58,1,1,1.3,0.3,1,,,,,,,5.163529412,87.78,82.66,85.22,157.84,-70.06,1,0,11,98.7,8.972727273,,,10,31,8,
Player,00-0039794,,232,No,38006,$1,,NYJ,RB,1,Braelon Allen,,232,161,158,R59,1,1,1.2,0.2,1,,,,,,,4.561176471,77.54,91.43,84.485,157.84,-80.3,1,0,4,17.63333333,4.408333333,,,3,22,13,
Player,00-0039424,,233,No,35776,$1,,NO,WR,1,Devaughn Vele,,233,192,164,W78,1,1,0,-1,1,,,,,,,5.817058824,98.89,92.55,95.72,169.95,-71.06,1,0,9,66.3,7.366666667,,,3,28,8,
Player,00-0038621,,234,No,36868,$1,No,NE,WR,1,DeMario Douglas,,234,293,233,W79,1,1,0,-1,1,,,,,,,4.330588235,73.62,117.36,95.49,169.95,-96.33,1,0,15,90.9,6.06,,,4,25,11,
Player,00-0036244,,235,No,36167,$1,,LA,TE,1,Colby Parkinson,,235,245,303,T31,1,1,0,-1,1,,,,,,,4.501764706,76.53,79.79,78.16,154.12,-77.59,1,0,13,109.2,8.4,,,7,27,11,
DST,DAL,,236,No,,$1,,DAL,DST,1,Dallas,,236,223,297,D24,1,1,1.1,0.1,1,,,,,,,6.235294118,106,106,106,183,-77,1,0,16,,,,,,,14,
Player,00-0033908,,237,No,34135,$1,No,SEA,WR,1,Cooper Kupp,,237,235,227,W80,1,1,1,0,1,,,,,,,5.018235294,85.31,98.41,91.86,169.95,-84.64,1,0,15,109.4,7.293333333,,,10,33,11,
Player,00-0041042,,238,No,37859,$1,No,NYG,WR,1,Malachi Fields,,238,224,203,W81,1,1,0,-1,1,,,,,,,4.965294118,84.41,97.49,90.95,169.95,-85.54,1,0,0,0,0,,,0,23,8,
Player,00-0033119,,239,Yes,33949,$1,No,ARI,QB,1,Jacoby Brissett,,239,208,220,Q28,1,1,0,-1,1,,,,,,,12.74117647,216.6,228.84,222.72,301.93,-85.33,1,0,13,243.82,18.75538462,,,11,33,,
Player,00-0041013,,240,No,37904,$1,,KC,RB,1,Emmett Johnson,,240,167,240,R60,1,1,1.5,0.5,1,,,,,,,4.767647059,81.05,76.06,78.555,157.84,-76.79,1,0,0,0,0,,,0,22,5,
Player,00-0038976,,241,No,37334,$1,No,DEN,WR,1,Marvin Mims Jr.,,241,337,264,W82,1,1,0,-1,1,,,,,,,5.281764706,89.79,89.56,89.675,169.95,-80.16,1,0,14,127.8,9.128571429,,,4,24,10,
Player,00-0040870,,242,No,38204,$1,,BAL,WR,1,Ja'Kobi Lane,,242,172,197,W83,1,1,1.2,0.2,1,,,,,,,4.868235294,82.76,95.54,89.15,169.95,-87.19,1,0,0,0,0,,,0,22,13,
Player,00-0040189,,243,No,37797,$1,,LAC,TE,1,Oronde Gadsden II,,243,216,291,T32,1,1,1,0,1,,,,,,,3.835882353,65.21,79.69,72.45,154.12,-88.91,1,0,14,126.1,9.007142857,,,2,23,7,
Player,00-0040736,,244,No,38115,$1,,NYJ,TE,1,Mason Taylor,,244,315,317,T33,1,1,0,-1,1,,,,,,,4.106470588,69.81,71.89,70.85,154.12,-84.31,1,0,13,88.9,6.838461538,,,2,22,13,
Player,00-0033885,,245,No,35256,$1,,LAC,TE,1,David Njoku,,245,307,290,T34,1,1,1.2,0.2,1,,,,,,,4.211764706,71.6,69.5,70.55,154.12,-82.52,1,0,11,86.3,7.845454545,,,12,30,7,
Player,00-0040669,,246,No,37307,$1,,DET,WR,1,Isaac Teslaa,,246,260,262,W84,1,1,1,0,1,,,,,,,4.699411765,79.89,92.23,86.06,169.95,-90.06,1,0,13,73.1,5.623076923,,,2,24,6,
Player,00-0037741,,247,No,36607,$1,No,ATL,WR,1,Jahan Dotson,,247,232,229,W85,1,1,0,-1,1,,,,,,,5.115882353,86.97,84.62,85.795,169.95,-82.98,1,0,14,44.8,3.2,,,5,26,11,
Player,00-0037563,,248,No,36125,$1,,DAL,RB,1,Malik Davis,,248,211,225,R61,1,1,0,-1,1,,,,,,,3.434705882,58.39,83.12,70.755,157.84,-99.45,1,0,10,40.6,4.06,,,3,27,14,
Player,00-0039847,,249,No,36948,$1,,NYG,TE,1,Theo Johnson,,249,331,322,T35,1,1,0,-1,1,,,,,,,3.871176471,65.81,65.65,65.73,154.12,-88.31,1,0,15,127.8,8.52,,,3,25,8,
Player,00-0040238,,250,No,38204,$1,,JAX,RB,1,LeQuint Allen Jr.,,250,330,242,R62,1,1,0,-1,1,,,,,,,3.491176471,59.35,78.29,68.82,157.84,-98.49,1,0,16,45.36666667,2.835416667,,,2,22,7,
Player,00-0041525,,251,No,38145,$1,,MIA,WR,1,Chris Bell,,251,206,232,W86,1,1,0,-1,1,,,,,,,4.662352941,79.26,81.92,80.59,169.95,-90.69,1,0,0,0,0,,,0,22,6,
Player,00-0030565,,252,Yes,33156,$1,No,NYJ,QB,1,Geno Smith,,252,248,267,Q29,1,1,0,-1,1,,,,,,,11.70588235,199,224.25,211.625,301.93,-102.93,1,0,15,193.9,12.92666667,,,14,35,13,
Player,00-0040705,,253,No,37239,$1,No,TEN,WR,1,Chimere Dike,,253,323,319,W87,1,1,0,-1,1,,,,,,,5.367647059,91.25,67.13,79.19,169.95,-78.7,1,0,16,187.6333333,11.72708333,,,2,24,9,
Player,00-0041511,,254,No,37969,$1,No,NYJ,WR,1,Omar Cooper Jr.,,254,200,210,W88,1,1,0,-1,1,,,,,,,4.498823529,76.48,81.62,79.05,169.95,-93.47,1,0,0,0,0,,,0,22,13,
Player,00-0041489,,255,No,37957,$1,,PIT,WR,1,Germie Bernard,,255,264,204,W89,1,1,0,-1,1,,,,,,,5.017058824,85.29,71.86,78.575,169.95,-84.66,1,0,0,0,0,,,0,22,9,
Player,00-0039342,,256,No,36920,$1,No,CAR,WR,1,Xavier Legette,,256,267,228,W90,1,1,0,-1,1,,,,,,,4.573529412,77.75,79.26,78.505,169.95,-92.2,1,0,14,84.1,6.007142857,,,3,25,5,
Player,00-0036893,,257,No,35863,$1,,NYG,RB,1,Najee Harris,,257,198,193,R63,1,1,0,-1,1,,,,,,,3.245294118,55.17,75.63,65.4,157.84,-102.67,1,0,3,11.6,3.866666667,,,6,28,8,
Player,00-0038685,00-0038685,258,No,36536,$1,,GB,RB,1,Chris Brooks,,258,279,239,R64,1,1,0,-1,1,,,,,,,3.287058824,55.88,74.34,65.11,157.84,-101.96,1,0,16,26.6,1.6625,,,4,26,11,
Player,00-0039384,,259,No,36487,$1,,NYG,RB,1,Tyrone Tracy Jr.,,259,221,244,R65,1,1,1.2,0.2,1,,,,,,,3.944705882,67.06,61.13,64.095,157.84,-90.78,1,0,14,137.3,9.807142857,,,3,26,8,
Player,00-0039299,,260,No,36510,$1,Yes,SEA,RB,1,George Holani,,260,220,243,R66,1,1,0,-1,1,,,,,,,3.023529412,51.4,72.45,61.925,157.84,-106.44,1,0,10,32.7,3.27,,,3,26,11,
Player,00-0039901,,261,No,37758,$1,No,BUF,WR,1,Keon Coleman,,261,270,261,W91,1,1,0,-1,1,,,,,,,3.78,64.26,80.03,72.145,169.95,-105.69,1,0,11,92.7,8.427272727,,,3,23,7,
Player,00-0041483,,262,No,37726,$1,,PHI,TE,1,Eli Stowers,,262,313,316,T36,1,1,0,-1,1,,,,,,,3.204117647,54.47,54.47,54.47,154.12,-99.65,1,0,0,0,0,,,0,23,10,
Player,00-0040890,,263,No,37663,$1,,KC,WR,1,Cyrus Allen,,263,173,300,W92,1,1,0,-1,1,,,,,,,4.284705882,72.84,65.07,68.955,169.95,-97.11,1,0,0,0,0,,,0,23,5,
Player,00-0039798,,264,No,37308,$1,,NYJ,RB,1,Isaiah Davis,,264,281,241,R67,1,1,0,-1,1,,,,,,,3.957647059,67.28,45.42,56.35,157.84,-90.56,1,0,16,81.96666667,5.122916667,,,3,24,13,
Player,00-0038951,,265,No,37189,$1,,TB,RB,1,Sean Tucker,,265,243,245,R68,1,1,0,-1,1,,,,,,,3.972352941,67.53,43.41,55.47,157.84,-90.31,1,0,16,109.8,6.8625,,,4,24,10,
Player,00-0033110,,266,No,33970,$1,,LA,TE,1,Tyler Higbee,,266,361,331,T37,1,1,0,-1,1,,,,,,,2.482352941,42.2,59.96,51.08,154.12,-111.92,1,0,9,51,5.666666667,,,11,33,11,
Player,00-0041052,,267,No,37181,$1,,SF,RB,1,Kaelon Black,,267,159,212,R69,1,1,1.2,0.2,1,,,,,,,3.17,53.89,55.64,54.765,157.84,-103.95,1,0,0,0,0,,,0,24,8,
Player,00-0039874,,268,No,37712,$1,,MIA,RB,1,Jaylen Wright,,268,271,214,R70,1,1,0,-1,1,,,,,,,3.309411765,56.26,51.03,53.645,157.84,-101.58,1,0,8,44.2,5.525,,,3,23,6,
Player,00-0040177,,269,No,38075,$1,,SF,RB,1,Jordan James,,269,244,247,R71,1,1,0,-1,1,,,,,,,3.688235294,62.7,43.65,53.175,157.84,-95.14,1,0,0,0,0,,,2,22,8,
Player,00-0039391,,270,No,37131,$1,,LAC,RB,1,Kimani Vidal,,270,227,213,R72,1,1,0,-1,1,,,,,,,3.522352941,59.88,45.91,52.895,157.84,-97.96,1,0,12,121.8,10.15,,,3,25,7,
Player,00-0035535,,271,No,35442,$1,No,NYG,WR,1,Darius Slayton,,271,274,234,W93,1,1,0,-1,1,,,,,,,3.617647059,61.5,68.34,64.92,169.95,-108.45,1,0,13,88.4,6.8,,,8,29,8,
Player,00-0041048,,272,No,38170,$1,,TB,WR,1,Ted Hurst III,,272,241,284,W94,1,1,0,-1,1,,,,,,,3.584705882,60.94,68.89,64.915,169.95,-109.01,1,0,0,0,0,,,0,22,10,
Player,00-0040648,,273,No,37589,$1,No,SEA,WR,1,Tory Horton,,273,299,275,W95,1,1,0,-1,1,,,,,,,4.538235294,77.15,52.51,64.83,169.95,-92.8,1,0,8,73.03333333,9.129166667,,,2,23,11,
Player,00-0040142,,274,No,37847,$1,,GB,RB,1,Kaleb Johnson,,274,210,280,R73,1,1,0,-1,1,,,,,,,3.067647059,52.15,52.16,52.155,157.84,-105.69,1,0,10,15.13333333,1.513333333,,,2,23,11,
Player,00-0037112,,275,No,36349,$1,,SF,TE,1,Jake Tonges,,275,301,312,T38,1,1,0,-1,1,,,,,,,3.030588235,51.52,40.61,46.065,154.12,-102.6,1,0,10,93.3,9.33,,,4,27,8,
Player,00-0039868,,276,No,37658,$1,No,DEN,WR,1,Troy Franklin,,276,298,311,W96,1,1,0,-1,1,,,,,,,3.821764706,64.97,58.17,61.57,169.95,-104.98,1,0,16,176.1,11.00625,,,3,23,10,
Player,00-0036309,,277,No,35732,$1,No,NYG,WR,1,Darnell Mooney,,277,261,294,W97,1,1,0,-1,1,,,,,,,4.578235294,77.83,45.17,61.5,169.95,-92.12,1,0,14,77.3,5.521428571,,,7,28,8,
Player,00-0040729,,278,No,37608,$1,No,LV,WR,1,Jack Bech,,278,234,274,W98,1,1,0,-1,1,,,,,,,3.459411765,58.81,62.05,60.43,169.95,-111.14,1,0,13,42.4,3.261538462,,,2,23,13,
Player,00-0038977,,279,No,36462,$1,Yes,HOU,WR,1,Tank Dell,,279,252,202,W99,1,1,0,-1,1,,,,,,,3.361176471,57.14,63.33,60.235,169.95,-112.81,1,0,0,0,0,,,4,26,8,
Player,00-0041096,,280,No,37629,$1,,WAS,RB,1,Kaytron Allen,,280,204,277,R74,1,1,0,-1,1,,,,,,,2.802352941,47.64,47.65,47.645,157.84,-110.2,1,0,0,0,0,,,0,23,7,
Player,00-0040886,,281,No,37992,$1,,TEN,RB,1,Nicholas Singleton,,281,205,250,R75,1,1,0,-1,1,,,,,,,3.019411765,51.33,43.94,47.635,157.84,-106.51,1,0,0,0,0,,,0,22,9,
Player,00-0040078,,282,No,37722,$1,,KC,RB,1,Brashard Smith,,282,350,226,R76,1,1,0,-1,1,,,,,,,2.220588235,37.75,56.11,46.93,157.84,-120.09,1,0,16,73.36666667,4.585416667,,,2,23,5,
Player,00-0040170,,283,No,37775,$1,No,TEN,WR,1,Elic Ayomanor,,283,325,320,W100,1,1,0,-1,1,,,,,,,3.158235294,53.69,63.27,58.48,169.95,-116.26,1,0,15,108.5,7.233333333,,,2,23,9,
Player,00-0033040,,284,No,34394,$1,No,MIA,WR,1,Tyreek Hill,,284,354,329,W101,1,1,1.4,0.4,1,,,,,,,4.89,83.13,31.16,57.145,169.95,-86.82,1,0,4,54.13333333,13.53333333,,,10,32,6,
Player,00-0037666,,285,No,36218,$1,No,MIA,WR,1,Jalen Tolbert,,285,2102,231,W102,1,1,0,-1,1,,,,,,,3.252941176,55.3,55.02,55.16,169.95,-114.65,1,0,11,49.8,4.527272727,,,5,27,6,
Player,00-0038551,,286,No,37418,$1,,NO,RB,1,Kendre Miller,,286,226,251,R77,1,1,0,-1,1,,,,,,,1.706470588,29.01,55.97,42.49,157.84,-128.83,1,0,7,46.4,6.628571429,,,4,24,8,
Player,00-0041104,,287,No,37903,$1,Yes,MIN,RB,1,Demond Claiborne,,287,202,266,R78,1,1,0,-1,1,,,,,,,3.113529412,52.93,30.61,41.77,157.84,-104.91,1,0,0,0,0,,,0,22,6,
Player,00-0040131,00-0040131,288,No,37573,$1,,NE,WR,1,Kyle Williams,,288,343,326,W103,1,1,0,-1,1,,,,,,,2.955882353,50.25,56.2,53.225,169.95,-119.7,1,0,13,58.36666667,4.48974359,,,2,23,11,
Player,00-0036988,,289,No,36425,$1,No,BUF,WR,1,Josh Palmer,,289,292,310,W104,1,1,0,-1,1,,,,,,,2.488235294,42.3,63.67,52.985,169.95,-127.65,1,0,11,51.2,4.654545455,,,6,26,7,
Player,00-0033553,,290,No,34824,$1,,ARI,RB,1,James Conner,,290,229,301,R79,1,1,1.1,0.1,1,,,,,,,2.646470588,44.99,35.72,40.355,157.84,-112.85,1,0,3,33.3,11.1,,,10,31,,
Player,00-0035208,,291,No,35634,$1,No,ATL,WR,1,Olamide Zaccheaus,,291,2086,333,W105,1,1,0,-1,1,,,,,,,2.787058824,47.38,56.57,51.975,169.95,-122.57,1,0,14,84.8,6.057142857,,,8,29,11,
Player,00-0040198,,292,No,38001,$1,,MIA,RB,1,Ollie Gordon II,,292,280,221,R80,1,1,0,-1,1,,,,,,,2.68,45.56,32.49,39.025,157.84,-112.28,1,0,16,52.83333333,3.302083333,,,2,22,6,
Player,00-0040782,,293,No,38061,$1,No,CLE,WR,1,Isaiah Bond,,293,338,324,W106,1,1,0,-1,1,,,,,,,2.933529412,49.87,39.67,44.77,169.95,-120.08,1,0,14,52.3,3.735714286,,,2,22,11,
Player,00-0041550,,294,No,37827,$1,,LAC,WR,1,Brenen Thompson,,294,311,315,W107,1,1,0,-1,1,,,,,,,2.291764706,38.96,48.52,43.74,169.95,-130.99,1,0,0,0,0,,,0,23,7,
Player,00-0035250,,295,No,35676,$1,,NYG,RB,1,Devin Singletary,,295,276,306,R81,1,1,0,-1,1,,,,,,,1.704705882,28.98,34.07,31.525,157.84,-128.86,1,0,16,108.6333333,6.789583333,,,8,28,8,
Player,00-0040009,,296,No,37217,$1,No,GB,WR,1,Savion Williams,,296,345,327,W108,1,1,0,-1,1,,,,,,,3.167647059,53.85,31.73,42.79,169.95,-116.1,1,0,12,48.4,4.033333333,,,2,24,11,
Player,00-0040179,,297,No,37859,$1,,IND,RB,1,DJ Giddens,,297,284,278,R82,1,1,0,-1,1,,,,,,,1.99,33.83,26.39,30.11,157.84,-124.01,1,0,4,6.6,1.65,,,2,23,13,
Player,00-0041040,00-0041040,298,No,38182,$1,No,WAS,WR,1,Antonio Williams,,298,236,252,W109,1,1,0,-1,1,,,,,,,3.741176471,63.6,17.79,40.695,169.95,-106.35,1,0,0,0,0,,,0,22,7,
Player,00-0040888,,299,No,38182,$1,,BAL,RB,1,Adam Randall,,299,256,304,R83,1,1,0,-1,1,,,,,,,2.358235294,40.09,16.34,28.215,157.84,-117.75,1,0,0,0,0,,,0,22,13,
Player,00-0037267,,300,No,36415,$1,,WAS,RB,1,Jerome Ford,,300,2534,339,R84,1,1,0,-1,1,,,,,,,2.841764706,48.31,3.22,25.765,157.84,-109.53,1,0,13,53.4,4.107692308,,,5,26,7,
Player,00-0036849,,301,No,36440,$1,No,LA,WR,1,Tutu Atwell,,301,2130,336,W110,1,1,0,-1,1,,,,,,,2.129411765,36.2,38.73,37.465,169.95,-133.75,1,0,7,28.3,4.042857143,,,6,26,11,
Player,00-0041443,,302,No,37442,$1,,BUF,WR,1,Skyler Bell,,302,310,314,W111,1,1,0,-1,1,,,,,,,2.457058824,41.77,33.03,37.4,169.95,-128.18,1,0,0,0,0,,,0,24,7,
Player,00-0040876,,303,No,37769,$1,No,BAL,WR,1,Elijah Sarratt,,303,303,313,W112,1,1,0,-1,1,,,,,,,3.172941176,53.94,19.5,36.72,169.95,-116.01,1,0,0,0,0,,,0,23,13,
Player,00-0038797,,304,No,36288,$1,,SEA,RB,1,Emanuel Wilson,,304,277,279,R85,1,1,0,-1,1,,,,,,,1.808235294,30.74,18.15,24.445,157.84,-127.1,1,0,16,95.36666667,5.960416667,,,4,27,11,
Player,00-0035662,,305,No,35585,$1,No,PHI,WR,1,Marquise Brown,,305,349,328,W113,1,1,0,-1,1,,,,,,,2.765294118,47.01,25.91,36.46,169.95,-122.94,1,0,15,128.3,8.553333333,,,8,29,10,
Player,00-0040237,,306,No,37394,$1,No,TB,WR,1,Tez Johnson,,306,2094,335,W114,1,1,0,-1,1,,,,,,,2.271176471,38.61,34.01,36.31,169.95,-131.34,1,0,14,89.2,6.371428571,,,2,24,10,
Player,00-0036261,,307,No,35871,$1,No,SF,WR,1,Brandon Aiyuk,,307,341,325,W115,1,1,0,-1,1,,,,,,,2.2,37.4,23.43,30.415,169.95,-132.55,1,0,0,0,0,,,6,28,8,
Player,00-0034775,,308,No,35387,$1,No,SF,WR,1,Christian Kirk,,308,332,323,W116,1,1,0,-1,1,,,,,,,2.226470588,37.85,20.02,28.935,169.95,-132.1,1,0,10,57.2,5.72,,,9,29,8,
Player,00-0039363,,309,No,36705,$1,,SF,RB,1,Isaac Guerendo,,309,2786,340,R86,1,1,0,-1,1,,,,,,,0.914117647,15.54,18.06,16.8,157.84,-142.3,1,0,7,3.333333333,0.476190476,,,3,26,8,
Player,00-0041562,,310,Yes,37895,$1,No,LV,QB,1,Fernando Mendoza,,310,240,268,Q30,1,1,1.2,0.2,1,,,,,,,11.31117647,192.29,118.7,155.495,301.93,-109.64,1,0,0,0,0,,,0,22,13,
Player,00-0040646,,311,No,37670,$1,No,KC,WR,1,Jalen Royals,,311,2370,337,W117,1,1,0,-1,1,,,,,,,1.561176471,26.54,16.9,21.72,169.95,-143.41,1,0,1,1,1,,,2,23,5,
Player,00-0040202,,312,No,37845,$1,,NO,RB,1,Devin Neal,,312,321,318,R87,1,1,0,-1,1,,,,,,,0.890588235,15.14,0,7.57,157.84,-142.7,1,0,9,65.06666667,7.22962963,,,2,23,8,
Player,00-0039921,,313,No,37460,$1,,ARI,RB,1,Trey Benson,,313,327,321,R88,1,1,0,-1,1,,,,,,,0.759411765,12.91,0,6.455,157.84,-144.93,1,0,4,35.4,8.85,,,3,24,,
Player,00-0038979,00-0038979,314,No,36635,$1,No,NO,WR,1,Cedric Tillman,,314,2088,334,W118,1,1,0,-1,1,,,,,,,1.551176471,26.37,9.44,17.905,169.95,-143.58,1,0,11,56.7,5.154545455,,,4,26,8,
Player,00-0039916,,315,No,36778,$2,No,SF,WR,2,Ricky Pearsall,,315,360,330,W119,1,2,1.2,-0.8,1,,,,,,,0,0,0,0,169.95,-169.95,1,1,9,88.6,9.844444444,,,3,25,8,
Player,00-0040130,,316,No,37605,$2,No,HOU,WR,2,Jayden Higgins,,316,366,332,W120,1,2,1.1,-0.9,1,,,,,,,0,0,0,0,169.95,-169.95,1,1,16,119.2,7.45,,,2,23,8,
Player,00-0041047,,317,No,37917,$1,No,CAR,WR,1,Chris Brazzell II,,317,2501,338,W121,1,1,0,-1,1,,,,,,,0,0,0,0,169.95,-169.95,1,0,0,0,0,,,0,22,5,
